{
  "model": "RandomForestRegressor (Optimized)",
  "train": {
    "R\u00b2": 0.9805622237464494,
    "MAE": 0.09706758647604063,
    "RMSE": 0.1516013994676464,
    "MAPE (%)": 10.07
  },
  "test": {
    "R\u00b2": 0.9553683992769846,
    "MAE": 0.15108372767739073,
    "RMSE": 0.22843568392079455,
    "MAPE (%)": 16.2
  },
  "cv_r2_mean": 0.9461015664804073,
  "cv_r2_std": 0.0029599738787619914,
  "overfitting_gap": 0.02519382446946483
}